name,type,price,rating
A Light in the Attic,Poetry,£51.77,star-rating Three
Scott Pilgrim's Precious Little Life (Scott Pilgrim #1),Sequential Art,£52.29,star-rating Five
Olio,Poetry,£23.88,star-rating One
Rip it Up and Start Again,Music,£35.02,star-rating Five
It's Only the Himalayas,Travel,£45.17,star-rating Two
"Our Band Could Be Your Life: Scenes from the American Indie Underground, 1981-1991",Music,£57.25,star-rating Three
Mesaerion: The Best Science Fiction Stories 1800-1849,Science Fiction,£37.59,star-rating One
Libertarianism for Beginners,Politics,£51.33,star-rating Two
Set Me Free,Young Adult,£17.46,star-rating Five
Shakespeare's Sonnets,Poetry,£20.66,star-rating Four
The Black Maria,Poetry,£52.15,star-rating One
"Starving Hearts (Triangular Trade Trilogy, #1)",Default,£13.99,star-rating Two
Sapiens: A Brief History of Humankind,History,£54.23,star-rating Five
Soumission,Fiction,£50.10,star-rating One
Tipping the Velvet,Historical Fiction,£53.74,star-rating One
Sharp Objects,Mystery,£47.82,star-rating Four
The Boys in the Boat: Nine Americans and Their Epic Quest for Gold at the 1936 Berlin Olympics,Default,£22.60,star-rating Four
The Dirty Little Secrets of Getting Your Dream Job,Business,£33.34,star-rating Four
The Requiem Red,Young Adult,£22.65,star-rating One
You can't bury them all: Poems,Poetry,£33.63,star-rating Two
"In a Dark, Dark Wood",Mystery,£19.63,star-rating One
Behind Closed Doors,Thriller,£52.22,star-rating Four
"The Coming Woman: A Novel Based on the Life of the Infamous Feminist, Victoria Woodhull",Default,£17.93,star-rating Three
Maude (1883-1993):She Grew Up with the country,Default,£18.02,star-rating Two
The Elephant Tree,Thriller,£23.82,star-rating Five
The Bear and the Piano,Childrens,£36.89,star-rating One
The Five Love Languages: How to Express Heartfelt Commitment to Your Mate,Nonfiction,£31.05,star-rating Three
Penny Maybe,Default,£33.29,star-rating Three
Sophie's World,Philosophy,£15.94,star-rating Five
The Four Agreements: A Practical Guide to Personal Freedom,Spirituality,£17.66,star-rating Five
Wall and Piece,Art,£44.18,star-rating Four
America's Cradle of Quarterbacks: Western Pennsylvania's Football Factory from Johnny Unitas to Joe Montana,Default,£22.50,star-rating Three
Aladdin and His Wonderful Lamp,Default,£53.13,star-rating Three
Birdsong: A Story in Pictures,Childrens,£54.64,star-rating Three
Worlds Elsewhere: Journeys Around Shakespeare’s Globe,Nonfiction,£40.30,star-rating Five
How Music Works,Music,£37.32,star-rating Two
In Her Wake,Thriller,£12.84,star-rating One
The Natural History of Us (The Fine Art of Pretending #2),Young Adult,£45.22,star-rating Three
Black Dust,Romance,£34.53,star-rating Five
Chase Me (Paris Nights #2),Romance,£25.27,star-rating Five
"Foolproof Preserving: A Guide to Small Batch Jams, Jellies, Pickles, Condiments, and More: A Foolproof Guide to Making Small Batch Jams, Jellies, Pickles, Condiments, and More",Food and Drink,£30.52,star-rating Three
"The Pioneer Woman Cooks: Dinnertime: Comfort Classics, Freezer Food, 16-Minute Meals, and Other Delicious Ways to Solve Supper!",Food and Drink,£56.41,star-rating One
The Secret of Dreadwillow Carse,Childrens,£56.13,star-rating One
The Torch Is Passed: A Harding Family Story,Add a comment,£19.09,star-rating One
The Past Never Ends,Mystery,£56.50,star-rating Four
Tsubasa: WoRLD CHRoNiCLE 2 (Tsubasa WoRLD CHRoNiCLE #2),Sequential Art,£16.28,star-rating One
"Unbound: How Eight Technologies Made Us Human, Transformed Society, and Brought Our World to the Brink",History,£25.52,star-rating One
"Unseen City: The Majesty of Pigeons, the Discreet Charm of Snails & Other Wonders of the Urban Wilderness",Nonfiction,£44.18,star-rating Four
Unicorn Tracks,Fantasy,£18.78,star-rating Three
Thirst,Fiction,£17.27,star-rating Five
This One Summer,Sequential Art,£19.49,star-rating Four
Throwing Rocks at the Google Bus: How Growth Became the Enemy of Prosperity,Nonfiction,£31.12,star-rating Three
"We Love You, Charlie Freeman",Fiction,£50.27,star-rating Five
When We Collided,Contemporary,£31.77,star-rating One
#HigherSelfie: Wake Up Your Life. Free Your Soul. Find Your Tribe.,Nonfiction,£23.11,star-rating Five
Without Borders (Wanderlove #1),New Adult,£45.07,star-rating Two
Untitled Collection: Sabbath Poems 2014,Poetry,£14.27,star-rating Four
Private Paris (Private #10),Fiction,£47.61,star-rating Five
"Saga, Volume 5 (Saga (Collected Editions) #5)",Sequential Art,£51.04,star-rating Two
"Rat Queens, Vol. 3: Demons (Rat Queens (Collected Editions) #11-15)",Sequential Art,£50.40,star-rating Three
Reskilling America: Learning to Labor in the Twenty-First Century,Nonfiction,£19.83,star-rating Two
Reasons to Stay Alive,Nonfiction,£26.41,star-rating Two
Slow States of Collapse: Poems,Poetry,£57.31,star-rating Three
Spark Joy: An Illustrated Master Class on the Art of Organizing and Tidying Up,Nonfiction,£41.83,star-rating Four
Soul Reader,Default,£39.58,star-rating Two
The Activist's Tao Te Ching: Ancient Advice for a Modern Revolution,Spirituality,£32.24,star-rating Five
"Saga, Volume 6 (Saga (Collected Editions) #6)",Fantasy,£25.02,star-rating Three
Security,Horror,£39.25,star-rating Two
"The Bulletproof Diet: Lose up to a Pound a Day, Reclaim Energy and Focus, Upgrade Your Life",Health,£49.05,star-rating Three
The Death of Humanity: and the Case for Life,Philosophy,£58.11,star-rating Four
The Electric Pencil: Drawings from Inside State Hospital No. 3,Nonfiction,£56.06,star-rating One
The Gutsy Girl: Escapades for Your Life of Epic Adventure,Nonfiction,£37.13,star-rating One
The Age of Genius: The Seventeenth Century and the Birth of the Modern Mind,History,£19.73,star-rating One
The Art Forger,Add a comment,£40.76,star-rating Three
"The Mindfulness and Acceptance Workbook for Anxiety: A Guide to Breaking Free from Anxiety, Phobias, and Worry Using Acceptance and Commitment Therapy",Add a comment,£23.89,star-rating Four
The Most Perfect Thing: Inside (and Outside) a Bird's Egg,Science,£42.96,star-rating Four
The Nameless City (The Nameless City #1),Sequential Art,£38.16,star-rating Four
The Murder That Never Was (Forensic Instincts #5),Fiction,£54.11,star-rating Three
"The Inefficiency Assassin: Time Management Tactics for Working Smarter, Not Longer",Default,£20.59,star-rating Five
The Life-Changing Magic of Tidying Up: The Japanese Art of Decluttering and Organizing,Nonfiction,£16.77,star-rating Three
Join,Science Fiction,£35.67,star-rating Five
"Layered: Baking, Building, and Styling Spectacular Cakes",Food and Drink,£40.11,star-rating One
Lumberjanes Vol. 3: A Terrible Plan (Lumberjanes #9-12),Sequential Art,£19.92,star-rating Two
Judo: Seven Steps to Black Belt (an Introductory Guide for Beginners),Add a comment,£53.90,star-rating Two
In the Country We Love: My Family Divided,Nonfiction,£22.00,star-rating Four
"Mama Tried: Traditional Italian Cooking for the Screwed, Crude, Vegan, and Tattooed",Food and Drink,£14.02,star-rating Four
Masks and Shadows,Fantasy,£56.40,star-rating Two
Obsidian (Lux #1),Young Adult,£14.86,star-rating Two
My Paris Kitchen: Recipes and Stories,Food and Drink,£33.37,star-rating Two
"Lumberjanes, Vol. 1: Beware the Kitten Holy (Lumberjanes #1-4)",Sequential Art,£45.61,star-rating Three
"Lumberjanes, Vol. 2: Friendship to the Max (Lumberjanes #5-8)",Sequential Art,£46.91,star-rating Two
Online Marketing for Busy Authors: A Step-By-Step Guide,Self Help,£46.35,star-rating One
orange: The Complete Collection 1 (orange: The Complete Collection #1),Sequential Art,£48.41,star-rating One
"Outcast, Vol. 1: A Darkness Surrounds Him (Outcast #1)",Sequential Art,£15.44,star-rating Four
Patience,Sequential Art,£10.16,star-rating Three
On a Midnight Clear,Add a comment,£14.07,star-rating Three
"Princess Jellyfish 2-in-1 Omnibus, Vol. 01 (Princess Jellyfish 2-in-1 Omnibus #1)",Sequential Art,£13.61,star-rating Five
"Bitch Planet, Vol. 1: Extraordinary Machine (Bitch Planet (Collected Editions))",Sequential Art,£37.92,star-rating Two
"Avatar: The Last Airbender: Smoke and Shadow, Part 3 (Smoke and Shadow #3)",Fantasy,£28.09,star-rating Two
"Political Suicide: Missteps, Peccadilloes, Bad Calls, Backroom Hijinx, Sordid Pasts, Rotten Breaks, and Just Plain Dumb Mistakes in the Annals of American Politics",History,£36.28,star-rating Two
"Pop Gun War, Volume 1: Gift",Sequential Art,£18.97,star-rating One
Princess Between Worlds (Wide-Awake Princess #5),Fantasy,£13.34,star-rating Five
Burning,Young Adult,£28.81,star-rating Three
Camp Midnight,Sequential Art,£17.08,star-rating Four
Call the Nurse: True Stories of a Country Nurse on a Scottish Isle,Nonfiction,£29.14,star-rating Five
Bossypants,Default,£49.46,star-rating Two
"Don't Be a Jerk: And Other Practical Advice from Dogen, Japan's Greatest Zen Master",Religion,£37.97,star-rating Two
Everydata: The Misinformation Hidden in the Little Data You Consume Every Day,Nonfiction,£54.35,star-rating Two
First and First (Five Boroughs #3),Romance,£15.97,star-rating Four
Fifty Shades Darker (Fifty Shades #2),Romance,£21.96,star-rating One
"Codename Baboushka, Volume 1: The Conclave of Death",Sequential Art,£36.72,star-rating Four
Crown of Midnight (Throne of Glass #2),Fantasy,£43.29,star-rating Three
Danganronpa Volume 1,Sequential Art,£51.99,star-rating Four
"Giant Days, Vol. 2 (Giant Days #5-8)",Sequential Art,£22.11,star-rating Two
Her Backup Boyfriend (The Sorensen Family #1),Romance,£33.97,star-rating One
I am a Hero Omnibus Volume 1,Sequential Art,£54.63,star-rating Three
How to Be Miserable: 40 Strategies You Already Use,Self Help,£46.03,star-rating One
"I Hate Fairyland, Vol. 1: Madly Ever After (I Hate Fairyland (Compilations) #1-5)",Sequential Art,£29.17,star-rating Two
Forever and Forever: The Courtship of Henry Longfellow and Fanny Appleton,Historical Fiction,£29.69,star-rating Three
The Stranger,Philosophy,£17.44,star-rating Four
The Third Wave: An Entrepreneur’s Vision of the Future,Business,£12.61,star-rating Five
The Vacationers,Fiction,£42.15,star-rating Four
The Wedding Dress,Romance,£24.12,star-rating One
The White Cat and the Monk: A Retelling of the Poem “Pangur Bán”,Childrens,£58.08,star-rating Four
Immunity: How Elie Metchnikoff Changed the Course of Modern Medicine,Science,£57.36,star-rating Five
Thomas Jefferson and the Tripoli Pirates: The Forgotten War That Changed American History,History,£59.64,star-rating One
Throne of Glass (Throne of Glass #1),Fantasy,£35.07,star-rating Three
Tracing Numbers on a Train,Default,£41.60,star-rating Three
Tuesday Nights in 1980,Fiction,£21.04,star-rating Two
"William Shakespeare's Star Wars: Verily, A New Hope (William Shakespeare's Star Wars #4)",Science Fiction,£43.30,star-rating Four
Thirteen Reasons Why,Default,£52.72,star-rating One
(Un)Qualified: How God Uses Broken People to Do Big Things,Christian,£54.00,star-rating Five
A Court of Thorns and Roses (A Court of Thorns and Roses #1),Fantasy,£52.37,star-rating One
A Fierce and Subtle Poison,Young Adult,£28.13,star-rating Four
A Murder in Time,Mystery,£16.64,star-rating One
A Flight of Arrows (The Pathfinders #2),Historical Fiction,£55.53,star-rating Five
You Are What You Love: The Spiritual Power of Habit,Religion,£21.87,star-rating Four
Algorithms to Live By: The Computer Science of Human Decisions,Nonfiction,£30.81,star-rating One
"A Piece of Sky, a Grain of Rice: A Memoir in Four Meditations",Default,£56.76,star-rating Five
The Girl on the Train,Default,£55.02,star-rating Two
The Emerald Mystery,Default,£23.15,star-rating Two
The Cookies & Cups Cookbook: 125+ sweet & savory recipes reminding you to Always Eat Dessert First,Food and Drink,£41.25,star-rating One
The Genius of Birds,Nonfiction,£17.24,star-rating One
A World of Flavor: Your Gluten Free Passport,Default,£42.95,star-rating One
The Glittering Court (The Glittering Court #1),Fantasy,£44.28,star-rating One
The Kite Runner,Default,£41.82,star-rating Four
The Long Shadow of Small Ghosts: Murder and Memory in an American City,Crime,£10.97,star-rating One
The Mistake (Off-Campus #2),New Adult,£43.29,star-rating Three
The Matchmaker's Playbook (Wingmen Inc. #1),New Adult,£55.85,star-rating One
The Love and Lemons Cookbook: An Apple-to-Zucchini Celebration of Impromptu Cooking,Food and Drink,£37.60,star-rating Two
The Murder of Roger Ackroyd (Hercule Poirot #4),Mystery,£44.10,star-rating Four
The Nerdy Nummies Cookbook: Sweet Treats for the Geek in All of Us,Food and Drink,£37.34,star-rating Five
The House by the Lake,Historical Fiction,£36.95,star-rating One
The Power of Now: A Guide to Spiritual Enlightenment,Nonfiction,£43.54,star-rating Two
The Regional Office Is Under Attack!,Fiction,£51.36,star-rating Five
The Project,Science Fiction,£10.65,star-rating One
The Psychopath Test: A Journey Through the Madness Industry,Default,£36.00,star-rating Two
The Secret (The Secret #1),Default,£27.37,star-rating Four
Romero and Juliet: A Tragic Tale of Love and Zombies,Default,£36.94,star-rating One
The Omnivore's Dilemma: A Natural History of Four Meals,Nonfiction,£38.21,star-rating Two
Mrs. Houdini,Historical Fiction,£30.25,star-rating Five
"Nightingale, Sing",Young Adult,£38.28,star-rating One
Night Sky with Exit Wounds,Poetry,£41.05,star-rating One
Poems That Make Grown Women Cry,Poetry,£14.19,star-rating Four
Poses for Artists Volume 1 - Dynamic and Sitting Poses: An Essential Reference for Figure Drawing and the Human Form,Default,£41.06,star-rating One
Scarlett Epstein Hates It Here,Young Adult,£43.55,star-rating Five
Redeeming Love,Christian Fiction,£20.47,star-rating Five
Secrets and Lace (Fatal Hearts #1),Default,£20.27,star-rating One
"Shobu Samurai, Project Aryoku (#3)",Add a comment,£29.06,star-rating Three
Shoe Dog: A Memoir by the Creator of NIKE,Business,£23.99,star-rating Two
So You've Been Publicly Shamed,Nonfiction,£12.23,star-rating Two
Soft Apocalypse,Science Fiction,£26.12,star-rating Two
Something More Than This,Romance,£16.24,star-rating Four
Suddenly in Love (Lake Haven #1),Romance,£55.99,star-rating Two
The 10% Entrepreneur: Live Your Startup Dream Without Quitting Your Day Job,Business,£27.55,star-rating Three
The Art of War,Default,£33.34,star-rating Five
The Artist's Way: A Spiritual Path to Higher Creativity,Nonfiction,£38.49,star-rating Five
The Argonauts,Autobiography,£10.93,star-rating Two
The Bridge to Consciousness: I'm Writing the Bridge Between Science and Our Old and New Beliefs.,Default,£32.00,star-rating Three
The Shadow Hero (The Shadow Hero),Sequential Art,£33.14,star-rating One
Doing It Over (Most Likely To #1),Romance,£35.61,star-rating Three
Drive: The Surprising Truth About What Motivates Us,Default,£34.95,star-rating Four
Eureka Trivia 6.0,Default,£54.59,star-rating Four
Done Rubbed Out (Reightman & Bailey #1),Default,£37.72,star-rating Five
"Deliciously Ella Every Day: Quick and Easy Recipes for Gluten-Free Snacks, Packed Lunches, and Simple Meals",Food and Drink,£42.16,star-rating Three
"Fables, Vol. 1: Legends in Exile (Fables #1)",Sequential Art,£41.62,star-rating Four
Finders Keepers (Bill Hodges Trilogy #2),Fiction,£53.53,star-rating Five
First Steps for New Christians (Print Edition),Default,£29.00,star-rating One
Follow You Home,Horror,£21.36,star-rating One
Full Moon over Noah’s Ark: An Odyssey to Mount Ararat and Beyond,Travel,£49.43,star-rating Four
Frostbite (Vampire Academy #2),Young Adult,£29.99,star-rating Five
Grumbles,Default,£22.16,star-rating Two
I Had a Nice Time And Other Lies...: How to find love & sh*t like that,Womens Fiction,£57.36,star-rating Four
Hollow City (Miss Peregrine’s Peculiar Children #2),Fantasy,£42.98,star-rating One
Large Print Heart of the Pride,Default,£19.15,star-rating Two
Little Red,Childrens,£13.47,star-rating Three
Library of Souls (Miss Peregrine’s Peculiar Children #3),Young Adult,£48.56,star-rating Five
Miss Peregrine’s Home for Peculiar Children (Miss Peregrine’s Peculiar Children #1),Default,£10.76,star-rating One
Louisa: The Extraordinary Life of Mrs. Adams,Biography,£16.85,star-rating Two
Why the Right Went Wrong: Conservatism--From Goldwater to the Tea Party and Beyond,Politics,£52.65,star-rating Four
Wild Swans,Young Adult,£14.36,star-rating Two
"Wonder Woman: Earth One, Volume One (Wonder Woman: Earth One #1)",Sequential Art,£37.34,star-rating Four
You (You #1),Thriller,£43.61,star-rating Five
Agnostic: A Spirited Manifesto,Nonfiction,£12.51,star-rating Five
Zealot: The Life and Times of Jesus of Nazareth,History,£24.70,star-rating Three
Modern Romance,Add a comment,£28.26,star-rating Five
Amatus,Default,£50.54,star-rating Five
Amid the Chaos,Cultural,£36.58,star-rating One
Ayumi's Violin,Default,£15.48,star-rating Two
Amy Meets the Saints and Sages,Default,£18.46,star-rating Three
Anonymous,Default,£46.82,star-rating Four
Batman: The Dark Knight Returns (Batman),Sequential Art,£15.38,star-rating Five
Batman: The Long Halloween (Batman),Sequential Art,£36.50,star-rating Two
Beauty Restored (Riley Family Legacy Novellas #3),Default,£11.11,star-rating Two
Chasing Heaven: What Dying Taught Me About Living,Spirituality,£37.80,star-rating Two
Big Magic: Creative Living Beyond Fear,Nonfiction,£30.80,star-rating Three
"Daring Greatly: How the Courage to Be Vulnerable Transforms the Way We Live, Love, Parent, and Lead",Nonfiction,£19.43,star-rating Three
Close to You,Christian Fiction,£49.46,star-rating Four
Dark Notes,Erotica,£19.19,star-rating Five
Becoming Wise: An Inquiry into the Mystery and Art of Living,Nonfiction,£27.43,star-rating Two
The Rosie Project (Don Tillman #1),Default,£54.04,star-rating One
The Time Keeper,Fiction,£27.88,star-rating Five
The Song of Achilles,Add a comment,£37.40,star-rating Five
The Testament of Mary,Fiction,£52.67,star-rating Four
The Songs of the Gods,Default,£44.48,star-rating Five
The Star-Touched Queen,Fantasy,£46.02,star-rating Five
The Wedding Pact (The O'Malleys #2),Romance,£32.61,star-rating Three
The Wright Brothers,Default,£56.80,star-rating Four
The White Queen (The Cousins' War #1),Add a comment,£25.91,star-rating Five
Through the Woods,Sequential Art,£25.38,star-rating Two
This Is Where It Ends,Young Adult,£27.12,star-rating Two
Twenty Yawns,Childrens,£22.08,star-rating Two
The Year of Magical Thinking,Nonfiction,£43.04,star-rating Two
"Unbroken: A World War II Story of Survival, Resilience, and Redemption",Default,£45.95,star-rating Two
Until Friday Night (The Field Party #1),Young Adult,£46.31,star-rating Two
V for Vendetta (V for Vendetta Complete),Default,£37.10,star-rating Four
Walt Disney's Alice in Wonderland,Childrens,£12.96,star-rating Five
"We Are Robin, Vol. 1: The Vigilante Business (We Are Robin #1)",Sequential Art,£53.90,star-rating One
What's It Like in Space?: Stories from Astronauts Who've Been There,Nonfiction,£19.60,star-rating Two
Whole Lotta Creativity Going On: 60 Fun and Unusual Exercises to Awaken and Strengthen Your Creativity,Nonfiction,£38.20,star-rating Four
Take Me with You,Fiction,£45.21,star-rating Three
That Darkness (Gardiner and Renner #1),Mystery,£13.92,star-rating One
The Darkest Lie,Young Adult,£35.35,star-rating Five
Tastes Like Fear (DI Marnie Rome #3),Mystery,£10.69,star-rating One
The 14th Colony (Cotton Malone #11),Thriller,£39.24,star-rating One
The Bane Chronicles (The Bane Chronicles #1-11),Fantasy,£44.73,star-rating Four
The Bad-Ass Librarians of Timbuktu: And Their Race to Save the World’s Most Precious Manuscripts,Nonfiction,£15.77,star-rating One
The Dovekeepers,Add a comment,£48.78,star-rating One
The First Hostage (J.B. Collins #2),Fiction,£25.85,star-rating Three
The Guilty (Will Robie #4),Thriller,£13.82,star-rating Two
The Help Yourself Cookbook for Kids: 60 Easy Plant-Based Recipes Kids Can Make to Stay Healthy and Save the Earth,Food and Drink,£28.77,star-rating Three
The Immortal Life of Henrietta Lacks,Add a comment,£40.67,star-rating Two
The Last Mile (Amos Decker #2),Mystery,£54.21,star-rating Two
The Hidden Oracle (The Trials of Apollo #1),Fantasy,£52.26,star-rating Two
The Literature Book (Big Ideas Simply Explained),Nonfiction,£17.43,star-rating Three
The Loney,Horror,£23.40,star-rating One
The Long Haul (Diary of a Wimpy Kid #9),Humor,£44.07,star-rating One
The Power of Habit: Why We Do What We Do in Life and Business,Default,£16.88,star-rating Three
The Lucifer Effect: Understanding How Good People Turn Evil,Psychology,£10.40,star-rating One
The Marriage of Opposites,Historical Fiction,£28.08,star-rating Four
Old School (Diary of a Wimpy Kid #10),Humor,£11.83,star-rating Five
"Naruto (3-in-1 Edition), Vol. 14: Includes Vols. 40, 41 & 42 (Naruto: Omnibus #14)",Sequential Art,£38.39,star-rating Two
No Dream Is Too High: Life Lessons From a Man Who Walked on the Moon,Nonfiction,£21.95,star-rating Two
Pet Sematary,Horror,£10.56,star-rating Three
Once Was a Time,Childrens,£18.28,star-rating Two
"Overload: How to Unplug, Unwind, and Unleash Yourself from the Pressure of Stress",Self Help,£52.15,star-rating Three
"Quarter Life Poetry: Poems for the Young, Broke and Hangry",Poetry,£50.89,star-rating Five
Rain Fish,Childrens,£23.57,star-rating Three
Robin War,Sequential Art,£47.82,star-rating Three
"Red Hood/Arsenal, Vol. 1: Open for Business (Red Hood/Arsenal #1)",Sequential Art,£25.48,star-rating Two
salt.,Poetry,£46.78,star-rating Four
See America: A Celebration of Our National Parks & Treasured Sites,Travel,£48.87,star-rating Three
"So Cute It Hurts!!, Vol. 6 (So Cute It Hurts!! #6)",Sequential Art,£35.43,star-rating Four
Shtum,Fiction,£55.84,star-rating Four
Someone Like You (The Harrisons #2),Contemporary,£52.79,star-rating Five
Sorting the Beef from the Bull: The Science of Food Fraud Forensics,Science,£44.74,star-rating Four
Steve Jobs,Default,£39.50,star-rating Five
Still Life with Bread Crumbs,Fiction,£26.41,star-rating Three
Swell: A Year of Waves,Nonfiction,£45.58,star-rating One
"Hush, Hush (Hush, Hush #1)",Default,£47.02,star-rating Three
Superman Vol. 1: Before Truth (Superman by Gene Luen Yang #1),Sequential Art,£11.89,star-rating Five
"Hyperbole and a Half: Unfortunate Situations, Flawed Coping Mechanisms, Mayhem, and Other Things That Happened",Humor,£14.75,star-rating Five
I Am Pilgrim (Pilgrim #1),Fiction,£10.60,star-rating Four
I Know What I'm Doing -- and Other Lies I Tell Myself: Dispatches from a Life Under Construction,Humor,£25.98,star-rating Four
Island of Dragons (Unwanteds #7),Fantasy,£29.65,star-rating One
Let It Out: A Journey Through Journaling,Nonfiction,£26.79,star-rating Five
"It's All Easy: Healthy, Delicious Weeknight Meals in under 30 Minutes",Food and Drink,£19.55,star-rating One
Lady Midnight (The Dark Artifices #1),Default,£16.28,star-rating Five
"Living Leadership by Insight: A Good Leader Achieves, a Great Leader Builds Monuments",Default,£46.91,star-rating Four
Looking for Lovely: Collecting the Moments that Matter,Nonfiction,£29.14,star-rating Five
Love Is a Mix Tape (Music #1),Music,£18.03,star-rating One
Lowriders to the Center of the Earth (Lowriders in Space #2),Sequential Art,£51.51,star-rating Two
Luckiest Girl Alive,Default,£49.83,star-rating Three
Made to Stick: Why Some Ideas Survive and Others Die,Business,£38.85,star-rating Five
More Than Music (Chasing the Dream #1),Add a comment,£37.61,star-rating Two
Luis Paints the World,Childrens,£53.95,star-rating Three
Mr. Mercedes (Bill Hodges Trilogy #1),Fiction,£28.90,star-rating One
My Kind of Crazy,Young Adult,£40.36,star-rating One
My Mrs. Brown,Fiction,£24.48,star-rating Three
My Name Is Lucy Barton,Fiction,£41.56,star-rating One
Cometh the Hour (The Clifton Chronicles #6),Fiction,£25.01,star-rating Three
Daily Fantasy Sports,Default,£36.58,star-rating One
Crazy Love: Overwhelmed by a Relentless God,Christian,£47.72,star-rating Two
Dear Mr. Knightley,Fiction,£11.21,star-rating Five
Demigods & Magicians: Percy and Annabeth Meet the Kanes (Percy Jackson & Kane Chronicles Crossover #1-3),Fantasy,£37.51,star-rating Five
Doctor Sleep (The Shining #2),Horror,£40.12,star-rating Two
Don't Get Caught,Young Adult,£55.35,star-rating One
"Eat Fat, Get Thin",Health,£54.07,star-rating Two
"Eaternity: More than 150 Deliciously Easy Vegan Recipes for a Long, Healthy, Satisfied, Joyful Life",Nonfiction,£51.75,star-rating Five
Eight Hundred Grapes,Fiction,£14.39,star-rating Four
El Deafo,Sequential Art,£57.62,star-rating Five
Eligible (The Austen Project #4),Fiction,£27.09,star-rating Three
Every Last Word,Default,£46.47,star-rating Three
"Far & Away: Places on the Brink of Change: Seven Continents, Twenty-Five Years",Nonfiction,£15.06,star-rating Four
Feathers: Displays of Brilliant Plumage,Art,£49.05,star-rating Three
Glory over Everything: Beyond The Kitchen House,Historical Fiction,£45.84,star-rating Three
Hamilton: The Revolution,Nonfiction,£58.79,star-rating Three
God: The Most Unpleasant Character in All Fiction,Religion,£30.03,star-rating Five
Greek Mythic History,Default,£10.23,star-rating Five
Hold Your Breath (Search and Rescue #1),Romance,£28.82,star-rating One
Angels & Demons (Robert Langdon #1),Default,£51.48,star-rating Three
Angels Walking (Angels Walking #1),Add a comment,£34.20,star-rating Two
Aristotle and Dante Discover the Secrets of the Universe (Aristotle and Dante Discover the Secrets of the Universe #1),Young Adult,£58.14,star-rating Four
Balloon Animals,Fiction,£17.03,star-rating Three
Art Ops Vol. 1,Sequential Art,£48.80,star-rating Three
Barefoot Contessa at Home: Everyday Recipes You'll Make Over and Over Again,Food and Drink,£50.62,star-rating Five
Barefoot Contessa Back to Basics,Food and Drink,£28.01,star-rating One
Batman: Europa,Sequential Art,£32.01,star-rating Two
Brain on Fire: My Month of Madness,Nonfiction,£49.32,star-rating Five
Buying In: The Secret Dialogue Between What We Buy and Who We Are,Nonfiction,£37.80,star-rating Four
Carrie,Default,£46.23,star-rating Two
"Carry On, Warrior: Thoughts on Life Unarmed",Default,£31.85,star-rating Three
Catching Jordan (Hundred Oaks),Young Adult,£50.83,star-rating Three
Cell,Add a comment,£20.29,star-rating Four
City of Ashes (The Mortal Instruments #2),Default,£47.27,star-rating One
City of Bones (The Mortal Instruments #1),Default,£43.28,star-rating One
City of Fallen Angels (The Mortal Instruments #4),Default,£11.23,star-rating Four
Code Name Verity (Code Name Verity #1),Add a comment,£22.13,star-rating Four
City of Glass (The Mortal Instruments #3),Fantasy,£56.02,star-rating Four
Clockwork Angel (The Infernal Devices #1),Default,£44.14,star-rating One
The Silent Sister (Riley MacPherson #1),Fiction,£46.29,star-rating Five
The Star-Touched Queen,Fantasy,£32.30,star-rating Five
Tipping Point for Planet Earth: How Close Are We to the Edge?,Science,£37.55,star-rating One
Will You Won't You Want Me?,Womens Fiction,£13.86,star-rating Three
13 Hours: The Inside Account of What Really Happened In Benghazi,Nonfiction,£27.06,star-rating One
My Kitchen Year: 136 Recipes That Saved My Life,Food and Drink,£11.53,star-rating Two
Rook,Add a comment,£37.86,star-rating Four
Searching for Meaning in Gailana,Fantasy,£38.73,star-rating One
"The Three Searches, Meaning, and the Story",Default,£13.33,star-rating Three
1491: New Revelations of the Americas Before Columbus,History,£21.80,star-rating Three
A Brush of Wings (Angels Walking #3),Add a comment,£55.51,star-rating One
"A Series of Catastrophes and Miracles: A True Story of Love, Science, and Cancer",Add a comment,£56.48,star-rating Two
A People's History of the United States,Add a comment,£40.79,star-rating Two
A Distant Mirror: The Calamitous 14th Century,History,£14.58,star-rating Three
A Man Called Ove,Fiction,£39.72,star-rating One
A Study in Scarlet (Sherlock Holmes #1),Mystery,£16.73,star-rating Two
Abstract City,Nonfiction,£56.37,star-rating Five
A Time of Torment (Charlie Parker #14),Mystery,£48.35,star-rating Five
"Adulthood Is a Myth: A ""Sarah's Scribbles"" Collection",Sequential Art,£10.90,star-rating Two
"Love, Lies and Spies",Historical Fiction,£20.55,star-rating Two
All the Light We Cannot See,Historical,£29.87,star-rating Five
How to Speak Golf: An Illustrated Guide to Links Lingo,Default,£58.32,star-rating Five
Most Wanted,Mystery,£35.28,star-rating Three
Murder at the 42nd Street Library (Raymond Ambler #1),Mystery,£54.36,star-rating Four
One with You (Crossfire #5),Add a comment,£15.71,star-rating Four
No Love Allowed (Dodge Cove #1),Young Adult,£54.65,star-rating Four
Poisonous (Max Revere Novels #3),Mystery,£26.80,star-rating Three
Psycho: Sanitarium (Psycho #1.5),Horror,£36.97,star-rating Five
Quench Your Own Thirst: Business Lessons Learned Over a Beer or Two,Business,£43.14,star-rating One
Raspberry Pi Electronics Projects for the Evil Genius,Default,£49.67,star-rating Four
Snatched: How A Drug Queen Went Undercover for the DEA and Was Kidnapped By Colombian Guerillas,Nonfiction,£21.21,star-rating Three
Stars Above (The Lunar Chronicles #4.5),Young Adult,£48.05,star-rating Two
The Children,Add a comment,£11.88,star-rating Three
The Diary of a Young Girl,Nonfiction,£59.90,star-rating Three
The Dinner Party,Fiction,£56.54,star-rating Two
The Epidemic (The Program 0.6),Young Adult,£14.44,star-rating Five
The Gray Rhino: How to Recognize and Act on the Obvious Dangers We Ignore,Add a comment,£59.15,star-rating Four
The Golden Condom: And Other Essays on Love Lost and Found,Psychology,£39.43,star-rating One
Off the Hook (Fishing for Trouble #1),Romance,£47.67,star-rating Three
Playing with Fire,Mystery,£13.71,star-rating Three
"Setting the World on Fire: The Brief, Astonishing Life of St. Catherine of Siena",Biography,£21.15,star-rating Two
Sleeping Giants (Themis Files #1),Science Fiction,£48.74,star-rating One
Take Me Home Tonight (Rock Star Romance #3),Romance,£53.98,star-rating Three
The Improbability of Love,Fiction,£59.45,star-rating One
The Art of Startup Fundraising,Business,£21.00,star-rating Three
"The Sleep Revolution: Transforming Your Life, One Night at a Time",Nonfiction,£11.68,star-rating Four
The Widow,Mystery,£27.26,star-rating Two
Troublemaker: Surviving Hollywood and Scientology,Default,£48.39,star-rating Two
"A la Mode: 120 Recipes in 60 Pairings: Pies, Tarts, Cakes, Crisps, and More Topped with Ice Cream, Gelato, Frozen Custard, and More",Food and Drink,£38.77,star-rating One
A Paris Apartment,Historical Fiction,£39.01,star-rating Four
Boar Island (Anna Pigeon #19),Mystery,£59.48,star-rating Three
Can You Keep a Secret? (Fear Street Relaunch #4),Horror,£48.64,star-rating One
Dirty (Dive Bar #1),Romance,£40.83,star-rating Four
Eleanor & Park,Default,£56.51,star-rating Five
Equal Is Unfair: America's Misguided Fight Against Income Inequality,Politics,£56.86,star-rating One
Everyday Italian: 125 Simple and Delicious Recipes,Food and Drink,£20.10,star-rating Five
Furiously Happy: A Funny Book About Horrible Things,Nonfiction,£41.46,star-rating Four
Hide Away (Eve Duncan #20),Mystery,£11.84,star-rating One
The Lonely City: Adventures in the Art of Being Alone,Nonfiction,£33.26,star-rating Two
The Midnight Watch: A Novel of the Titanic and the Californian,Add a comment,£26.20,star-rating One
10-Day Green Smoothie Cleanse: Lose Up to 15 Pounds in 10 Days!,Health,£49.71,star-rating Five
"10% Happier: How I Tamed the Voice in My Head, Reduced Stress Without Losing My Edge, and Found Self-Help That Actually Works",Nonfiction,£24.57,star-rating Two
11/22/63,Fiction,£48.48,star-rating Three
A Gentleman's Position (Society of Gentlemen #3),Romance,£14.75,star-rating Five
A Mother's Reckoning: Living in the Aftermath of Tragedy,Nonfiction,£19.53,star-rating Three
Adultery,Default,£20.88,star-rating Five
Arena,Science Fiction,£21.36,star-rating Four
Born for This: How to Find the Work You Were Meant to Do,Business,£21.59,star-rating Five
Cravings: Recipes for What You Want to Eat,Food and Drink,£20.50,star-rating Three
Daredevils,Fiction,£16.34,star-rating Three
"Exit, Pursued by a Bear",Young Adult,£51.34,star-rating Four
Grey (Fifty Shades #4),Womens Fiction,£48.49,star-rating Four
It Didn't Start with You: How Inherited Family Trauma Shapes Who We Are and How to End the Cycle,Psychology,£56.27,star-rating Three
Keep Me Posted,Womens Fiction,£20.46,star-rating Four
Lab Girl,Autobiography,£40.85,star-rating One
Lies and Other Acts of Love,Fiction,£45.14,star-rating One
Lilac Girls,Historical Fiction,£17.28,star-rating Two
M Train,Autobiography,£27.18,star-rating One
"Mother, Can You Not?",Nonfiction,£16.89,star-rating Five
Mothering Sunday,Fiction,£13.34,star-rating Two
Don't Forget Steven,Young Adult,£33.23,star-rating One
Dress Your Family in Corduroy and Denim,Humor,£43.68,star-rating Three
"Fruits Basket, Vol. 9 (Fruits Basket #9)",Sequential Art,£33.95,star-rating Four
If I Gave You God's Phone Number....: Searching for Spirituality in America,Spirituality,£20.91,star-rating One
Modern Day Fables,Default,£47.44,star-rating Two
"NaNo What Now? Finding your editing process, revising your NaNoWriMo book and building a writing career through publishing and beyond",Default,£10.41,star-rating Four
Nap-a-Roo,Childrens,£25.08,star-rating One
The Alien Club,Young Adult,£54.40,star-rating One
Suzie Snowflake: One beautiful flake (a self-esteem story),Novels,£54.81,star-rating Five
The Art and Science of Low Carbohydrate Living,Health,£52.98,star-rating Five
The Book of Mormon,Religion,£24.57,star-rating Three
"The Fabric of the Cosmos: Space, Time, and the Texture of Reality",Science,£55.91,star-rating One
The Flowers Lied,Default,£16.68,star-rating Two
"The Moosewood Cookbook: Recipes from Moosewood Restaurant, Ithaca, New York",Food and Drink,£12.34,star-rating Four
The New Brand You: Your New Image Makes the Sale for You,Default,£44.05,star-rating Five
Underlying Notes,Default,£11.82,star-rating Two
The Shack,Fiction,£28.03,star-rating One
Shadows of the Past (Logan Point #1),Christian Fiction,£39.67,star-rating Five
Silence in the Dark (Logan Point #4),Suspense,£58.33,star-rating Three
Smarter Faster Better: The Secrets of Being Productive in Life and Business,Nonfiction,£38.89,star-rating Five
South of Sunshine,Young Adult,£28.93,star-rating One
The E-Myth Revisited: Why Most Small Businesses Don't Work and What to Do About It,Business,£36.91,star-rating One
The Grownup,Short Stories,£35.88,star-rating One
The High Mountains of Portugal,Fiction,£51.15,star-rating One
The Martian (The Martian #1),Default,£41.39,star-rating Two
"The Midnight Assassin: Panic, Scandal, and the Hunt for America's First Serial Killer",Nonfiction,£28.45,star-rating Four
The New Drawing on the Right Side of the Brain,Art,£43.02,star-rating Three
The Unlikely Pilgrimage of Harold Fry (Harold Fry #1),Default,£43.62,star-rating Five
Vagabonding: An Uncommon Guide to the Art of Long-Term World Travel,Travel,£36.94,star-rating Two
Why Not Me?,Nonfiction,£17.76,star-rating One
When Breath Becomes Air,Nonfiction,£39.36,star-rating Two
"Zero to One: Notes on Startups, or How to Build the Future",Nonfiction,£34.06,star-rating Three
23 Degrees South: A Tropical Tale of Changing Whether...,Add a comment,£35.79,star-rating Two
A Hero's Curse (The Unseen Chronicles #1),Add a comment,£50.49,star-rating Three
A Shard of Ice (The Black Symphony Saga #1),Fantasy,£56.63,star-rating Three
Art and Fear: Observations on the Perils (and Rewards) of Artmaking,Art,£48.63,star-rating Four
Chernobyl 01:23:40: The Incredible True Story of the World's Worst Nuclear Disaster,Nonfiction,£35.92,star-rating Two
Unlimited Intuition Now,Default,£58.87,star-rating Four
Watchmen,Add a comment,£58.05,star-rating Four
Without Shame,Add a comment,£48.27,star-rating Five
History of Beauty,Art,£10.29,star-rating Four
Howl and Other Poems,Poetry,£40.45,star-rating Two
I Will Find You,Nonfiction,£44.21,star-rating One
Hystopia: A Novel,Fiction,£21.96,star-rating Four
I'll Give You the Sun,Default,£56.48,star-rating One
John Vassos: Industrial Design for Modern Life,Default,£20.22,star-rating Four
Kierkegaard: A Christian Missionary to Christians,Philosophy,£47.13,star-rating One
Kill 'Em and Leave: Searching for James Brown and the American Soul,Music,£45.05,star-rating Five
Left Behind (Left Behind #1),Default,£40.72,star-rating Two
Les Fleurs du Mal,Poetry,£29.04,star-rating Five
Living Forward: A Proven Plan to Stop Drifting and Get the Life You Want,Nonfiction,£12.55,star-rating Three
"Love That Boy: What Two Presidents, Eight Road Trips, and My Son Taught Me About a Parent's Expectations",Nonfiction,£25.06,star-rating Two
Man's Search for Meaning,Nonfiction,£29.48,star-rating Three
Miller's Valley,Fiction,£58.54,star-rating Two
My Life Next Door (My Life Next Door ),Young Adult,£36.39,star-rating Five
Out of Print: City Lights Spotlight No. 14,Poetry,£53.64,star-rating Five
Please Kill Me: The Uncensored Oral History of Punk,Music,£31.19,star-rating Four
Proofs of God: Classical Arguments from Tertullian to Barth,Philosophy,£54.21,star-rating One
Rising Strong,Nonfiction,£21.82,star-rating Three
Roller Girl,Sequential Art,£14.10,star-rating Five
The Whale,Childrens,£35.96,star-rating Four
The Year of Living Biblically: One Man's Humble Quest to Follow the Bible as Literally as Possible,Default,£34.72,star-rating One
Toddlers Are A**holes: It's Not Your Fault,Humor,£25.55,star-rating One
Unreasonable Hope: Finding Faith in the God Who Brings Purpose to Your Pain,Spirituality,£46.33,star-rating Two
What Happened on Beale Street (Secrets of the South Mysteries #2),Mystery,£25.37,star-rating Five
Under the Tuscan Sun,Travel,£37.33,star-rating Three
Wildlife of New York: A Five-Borough Coloring Book,Default,£22.14,star-rating Two
You Are a Badass: How to Stop Doubting Your Greatness and Start Living an Awesome Life,Self Help,£12.08,star-rating Three
"""Most Blessed of the Patriarchs"": Thomas Jefferson and the Empire of the Imagination",History,£44.48,star-rating Five
32 Yolks,Food and Drink,£53.63,star-rating Two
"A Murder Over a Girl: Justice, Gender, Junior High",Nonfiction,£13.20,star-rating Three
Being Mortal: Medicine and What Matters in the End,Nonfiction,£55.06,star-rating Four
Between the World and Me,Nonfiction,£56.91,star-rating Four
Brazen: The Courage to Find the You That's Been Hiding,Nonfiction,£19.22,star-rating Two
Brilliant Beacons: A History of the American Lighthouse,History,£11.45,star-rating Three
Death by Leisure: A Cautionary Tale,Default,£37.51,star-rating Four
Diary of a Citizen Scientist: Chasing Tiger Beetles and Other New Ways of Engaging the World,Science,£28.41,star-rating One
Ender's Game (The Ender Quintet #1),Default,£43.64,star-rating One
Future Shock (Future Shock #1),Young Adult,£55.65,star-rating Five
Playing from the Heart,Childrens,£32.38,star-rating One
Raymie Nightingale,Childrens,£34.41,star-rating Two
"Rich Dad, Poor Dad",Business,£51.74,star-rating One
"Shrunken Treasures: Literary Classics, Short, Sweet, and Silly",Childrens,£52.87,star-rating Three
Sister Dear,Fiction,£40.20,star-rating Four
"Sit, Stay, Love",Romance,£20.90,star-rating Three
Steal Like an Artist: 10 Things Nobody Told You About Being Creative,Default,£20.90,star-rating Two
Team of Rivals: The Political Genius of Abraham Lincoln,Add a comment,£20.12,star-rating Five
The 7 Habits of Highly Effective People: Powerful Lessons in Personal Change,Default,£33.17,star-rating Four
The Art Book,Art,£32.34,star-rating Two
The Bachelor Girl's Guide to Murder (Herringford and Watts Mysteries #1),Mystery,£52.30,star-rating Five
The Bourne Identity (Jason Bourne #1),Fiction,£42.78,star-rating Four
The Constant Princess (The Tudor Court #1),Historical Fiction,£16.62,star-rating Three
The Drowning Girls,Add a comment,£35.67,star-rating Three
The Faith of Christopher Hitchens: The Restless Soul of the World's Most Notorious Atheist,Biography,£39.55,star-rating One
The Good Girl,Default,£49.03,star-rating Three
The Glass Castle,Add a comment,£16.24,star-rating One
The Great Gatsby,Default,£36.05,star-rating Four
The Origin of Species,Science,£10.01,star-rating Four
Heaven is for Real: A Little Boy's Astounding Story of His Trip to Heaven and Back,Default,£52.86,star-rating Two
The Story of Art,Art,£41.14,star-rating Four
Blue Like Jazz: Nonreligious Thoughts on Christian Spirituality,Christian,£25.77,star-rating One
"Chronicles, Vol. 1",Music,£52.60,star-rating Two
Counted With the Stars (Out from Egypt #1),Christian Fiction,£17.97,star-rating Five
Delivering the Truth (Quaker Midwife Mystery #1),Mystery,£20.89,star-rating Four
Every Heart a Doorway (Every Heart A Doorway #1),Fantasy,£12.16,star-rating Five
Finding God in the Ruins: How God Redeems Pain,Nonfiction,£46.64,star-rating Two
For the Love: Fighting for Grace in a World of Impossible Standards,Nonfiction,£45.13,star-rating Three
"Fruits Basket, Vol. 7 (Fruits Basket #7)",Sequential Art,£19.57,star-rating One
How to Be a Domestic Goddess: Baking and the Art of Comfort Cooking,Food and Drink,£28.25,star-rating Two
Good in Bed (Cannie Shapiro #1),Add a comment,£37.05,star-rating Five
How to Cook Everything Vegetarian: Simple Meatless Recipes for Great Food (How to Cook Everything),Food and Drink,£46.01,star-rating Four
John Adams,Add a comment,£57.43,star-rating Four
King's Folly (The Kinsman Chronicles #1),Fantasy,£39.61,star-rating Five
Life of Pi,Default,£13.22,star-rating Four
Leave This Song Behind: Teen Poetry at Its Best,Poetry,£51.17,star-rating Five
Like Never Before (Walker Family #2),Christian Fiction,£28.77,star-rating Two
Memoirs of a Geisha,Fiction,£49.67,star-rating Three
Meternity,Womens Fiction,£43.58,star-rating Three
"Naturally Lean: 125 Nourishing Gluten-Free, Plant-Based Recipes--All Under 300 Calories",Food and Drink,£11.38,star-rating Five
Nightstruck: A Novel,Young Adult,£50.35,star-rating Four
The Collected Poems of W.B. Yeats (The Collected Works of W.B. Yeats #1),Poetry,£15.42,star-rating Five
The Fellowship of the Ring (The Lord of the Rings #1),Default,£10.27,star-rating Two
The Girl You Left Behind (The Girl You Left Behind #1),Historical,£15.79,star-rating One
The God Delusion,Add a comment,£46.85,star-rating Three
The Golden Compass (His Dark Materials #1),Add a comment,£18.77,star-rating One
The Great Railway Bazaar,Travel,£30.54,star-rating One
The Hobbit (Middle-Earth Universe),Default,£17.80,star-rating Five
The Joy of Cooking,Add a comment,£43.27,star-rating Four
The Invention of Wings,Historical Fiction,£37.34,star-rating One
The Makings of a Fatherless Child,Default,£31.58,star-rating Two
The Man Who Mistook His Wife for a Hat and Other Clinical Tales,Nonfiction,£59.45,star-rating Four
The Mysterious Affair at Styles (Hercule Poirot #1),Mystery,£24.80,star-rating Four
The Perks of Being a Wallflower,Default,£55.02,star-rating Three
The Rise and Fall of the Third Reich: A History of Nazi Germany,History,£39.67,star-rating Two
The Sound Of Love,Default,£57.84,star-rating Five
A Short History of Nearly Everything,History,£52.40,star-rating Five
A Gathering of Shadows (Shades of Magic #2),Fantasy,£44.81,star-rating Four
A Summer In Europe,Travel,£44.34,star-rating Two
"At The Existentialist Café: Freedom, Being, and apricot cocktails with: Jean-Paul Sartre, Simone de Beauvoir, Albert Camus, Martin Heidegger, Edmund Husserl, Karl Jaspers, Maurice Merleau-Ponty and others",Philosophy,£29.93,star-rating Five
Benjamin Franklin: An American Life,Biography,£48.19,star-rating Three
A Year in Provence (Provence #1),Travel,£56.88,star-rating Four
An Unquiet Mind: A Memoir of Moods and Madness,Psychology,£21.30,star-rating Three
Better Homes and Gardens New Cook Book,Food and Drink,£39.61,star-rating Three
Catherine the Great: Portrait of a Woman,History,£58.55,star-rating Four
"Death Note, Vol. 6: Give-and-Take (Death Note #6)",Sequential Art,£36.39,star-rating Three
Deception Point,Fiction,£40.32,star-rating Four
"Fruits Basket, Vol. 6 (Fruits Basket #6)",Sequential Art,£20.96,star-rating Four
Fun Home: A Family Tragicomic,Add a comment,£56.59,star-rating Four
"Girl, Interrupted",Nonfiction,£42.14,star-rating Three
Give It Back,Thriller,£18.32,star-rating Two
In Cold Blood,Nonfiction,£49.98,star-rating Four
How to Stop Worrying and Start Living,Self Help,£46.49,star-rating Five
In the Woods (Dublin Murder Squad #1),Mystery,£38.38,star-rating Two
Me Before You (Me Before You #1),Fiction,£19.02,star-rating One
Mere Christianity,Add a comment,£48.51,star-rating Three
Musicophilia: Tales of Music and the Brain,Default,£46.58,star-rating One
Pride and Prejudice,Add a comment,£19.27,star-rating Four
Ship Leaves Harbor: Essays on Travel by a Recovering Journeyman,Default,£30.60,star-rating Three
The Barefoot Contessa Cookbook,Food and Drink,£59.92,star-rating Five
Tell the Wolves I'm Home,Young Adult,£50.96,star-rating Two
The Expatriates,Fiction,£44.58,star-rating Two
The False Prince (The Ascendance Trilogy #1),Fantasy,£56.00,star-rating Five
The Fault in Our Stars,Default,£47.22,star-rating One
The Firm,Fiction,£45.56,star-rating Three
The Grand Design,Science,£13.76,star-rating Three
The Hiding Place,History,£55.91,star-rating Four
The Little Paris Bookshop,Fiction,£24.73,star-rating Three
The Mathews Men: Seven Brothers and the War Against Hitler's U-boats,History,£42.91,star-rating Five
The Metamorphosis,Classics,£28.58,star-rating One
The Power Greens Cookbook: 140 Delicious Superfood Recipes,Food and Drink,£11.05,star-rating Five
The Raven Boys (The Raven Cycle #1),Fantasy,£57.74,star-rating Four
The Raven King (The Raven Cycle #4),Add a comment,£30.57,star-rating Two
The Secret Garden,Classics,£15.08,star-rating Four
This Is Your Brain on Music: The Science of a Human Obsession,Music,£38.40,star-rating One
Two Summers,Young Adult,£14.64,star-rating One
What If?: Serious Scientific Answers to Absurd Hypothetical Questions,Default,£53.68,star-rating Four
Where She Went (If I Stay #2),Young Adult,£41.73,star-rating Four
Why Save the Bankers?: And Other Essays on Our Economic and Political Crisis,Nonfiction,£48.67,star-rating Two
"Will Grayson, Will Grayson (Will Grayson, Will Grayson)",Young Adult,£47.31,star-rating Four
World Without End (The Pillars of the Earth #2),Historical Fiction,£32.97,star-rating Four
Kill the Boy Band,Young Adult,£15.52,star-rating Five
Killing Floor (Jack Reacher #1),Thriller,£31.49,star-rating Four
Last One Home (New Beginnings #1),Fiction,£59.98,star-rating Three
Logan Kade (Fallen Crest High #5.5),Academic,£13.12,star-rating Two
Lola and the Boy Next Door (Anna and the French Kiss #2),Young Adult,£23.63,star-rating Four
Maybe Something Beautiful: How Art Transformed a Neighborhood,Childrens,£22.54,star-rating One
Mexican Today: New and Rediscovered Recipes for Contemporary Kitchens,Food and Drink,£24.91,star-rating Five
My Mother Was Nuts,Nonfiction,£31.63,star-rating Four
Peak: Secrets from the New Science of Expertise,Science,£16.28,star-rating Two
Red Dragon (Hannibal Lecter #1),Horror,£23.37,star-rating Three
Remember Me?,Default,£11.48,star-rating Three
Shiver (The Wolves of Mercy Falls #1),Default,£16.23,star-rating Five
Siddhartha,Fiction,£34.22,star-rating Five
Talking to Girls About Duran Duran: One Young Man's Quest for True Love and a Cooler Haircut,Nonfiction,£25.15,star-rating Four
Tell Me Three Things,Young Adult,£41.81,star-rating One
Tell the Wind and Fire,Fantasy,£45.51,star-rating Three
The 5th Wave (The 5th Wave #1),Default,£11.83,star-rating Two
The Crossover,Poetry,£38.77,star-rating Four
The Darkest Corners,Young Adult,£11.33,star-rating Five
The Dream Thieves (The Raven Cycle #2),Default,£34.50,star-rating One
America's War for the Greater Middle East: A Military History,History,£51.22,star-rating Two
An Abundance of Katherines,Young Adult,£10.00,star-rating Five
Approval Junkie: Adventures in Caring Too Much,Autobiography,£58.81,star-rating Five
"Blue Lily, Lily Blue (The Raven Cycle #3)",Default,£34.13,star-rating Five
Booked,Poetry,£17.49,star-rating Five
Critique of Pure Reason,Philosophy,£20.75,star-rating One
"Death Note, Vol. 5: Whiteout (Death Note #5)",Sequential Art,£52.41,star-rating One
"Data, A Love Story: How I Gamed Online Dating to Meet My Match",Nonfiction,£32.35,star-rating Three
Digital Fortress,Fiction,£58.00,star-rating Five
Dracula the Un-Dead,Horror,£35.63,star-rating Five
Drama,Default,£38.70,star-rating Two
Evicted: Poverty and Profit in the American City,Add a comment,£42.27,star-rating One
Foundation (Foundation (Publication Order) #1),Science Fiction,£32.42,star-rating One
Find Her (Detective D.D. Warren #8),Add a comment,£22.37,star-rating One
"Fruits Basket, Vol. 5 (Fruits Basket #5)",Sequential Art,£16.33,star-rating One
Fool Me Once,Default,£16.96,star-rating One
I Know Why the Caged Bird Sings (Maya Angelou's Autobiography #1),Default,£36.55,star-rating Two
Harry Potter and the Deathly Hallows (Harry Potter #7),Default,£23.32,star-rating One
If I Stay (If I Stay #1),Default,£38.13,star-rating Five
The Gunning of America: Business and the Making of American Gun Culture,Nonfiction,£16.81,star-rating Four
Some Women,Womens Fiction,£13.73,star-rating Five
The Demonists (Demonist #1),Fantasy,£52.11,star-rating Two
The Beast (Black Dagger Brotherhood #14),Fantasy,£46.08,star-rating Five
"The Demon Prince of Momochi House, Vol. 4 (The Demon Prince of Momochi House #4)",Sequential Art,£27.88,star-rating Two
The Bone Hunters (Lexy Vaughan & Steven Macaulay #2),Thriller,£59.71,star-rating Three
The Geography of Bliss: One Grump's Search for the Happiest Places in the World,Nonfiction,£28.23,star-rating Two
The Hound of the Baskervilles (Sherlock Holmes #5),Classics,£14.82,star-rating Two
The Hunger Games (The Hunger Games #1),Default,£29.85,star-rating Five
The Jazz of Physics: The Secret Link Between Music and the Structure of the Universe,Nonfiction,£38.71,star-rating Three
The Passion of Dolssa,Historical Fiction,£28.32,star-rating Five
The Pilgrim's Progress,Classics,£50.26,star-rating Two
The Perfect Play (Play by Play #1),Romance,£59.99,star-rating Three
The Shining (The Shining #1),Default,£27.88,star-rating Three
Vogue Colors A to Z: A Fashion Coloring Book,Default,£52.35,star-rating Four
A Clash of Kings (A Song of Ice and Fire #2),Add a comment,£10.79,star-rating Three
A Feast for Crows (A Song of Ice and Fire #4),Fantasy,£17.21,star-rating Four
A Game of Thrones (A Song of Ice and Fire #1),Add a comment,£46.42,star-rating Two
Isla and the Happily Ever After (Anna and the French Kiss #3),Young Adult,£48.13,star-rating Five
Alight (The Generations Trilogy #2),Default,£58.59,star-rating Four
A Girl's Guide to Moving On (New Beginnings #2),Romance,£31.30,star-rating One
Girl With a Pearl Earring,Historical Fiction,£26.77,star-rating One
"Fruits Basket, Vol. 4 (Fruits Basket #4)",Sequential Art,£50.44,star-rating Four
God Is Not Great: How Religion Poisons Everything,Nonfiction,£27.80,star-rating One
Gone with the Wind,Classics,£32.49,star-rating Three
Harry Potter and the Half-Blood Prince (Harry Potter #6),Fantasy,£48.75,star-rating Five
Harry Potter and the Chamber of Secrets (Harry Potter #2),Fantasy,£14.74,star-rating One
Harry Potter and the Order of the Phoenix (Harry Potter #5),Fantasy,£31.63,star-rating Four
Harry Potter and the Prisoner of Azkaban (Harry Potter #3),Young Adult,£24.17,star-rating Four
Harry Potter and the Sorcerer's Stone (Harry Potter #1),Default,£13.90,star-rating Three
Misery,Horror,£34.79,star-rating Two
Little Women (Little Women #1),Classics,£28.07,star-rating Four
It,Horror,£25.01,star-rating Three
Mockingjay (The Hunger Games #3),Default,£20.44,star-rating Four
Needful Things,Horror,£47.51,star-rating Four
Night Shift (Night Shift #1-20),Horror,£12.75,star-rating Four
No One Here Gets Out Alive,Music,£20.02,star-rating Five
We Are All Completely Beside Ourselves,Contemporary,£24.04,star-rating One
We the People: The Modern-Day Figures Who Have Reshaped and Affirmed the Founding Fathers' Vision of America,Nonfiction,£31.95,star-rating Three
When You Are Engulfed in Flames,Humor,£30.89,star-rating Five
"Where'd You Go, Bernadette",Default,£18.13,star-rating One
World War Z: An Oral History of the Zombie War,Default,£21.80,star-rating One
Wild: From Lost to Found on the Pacific Crest Trail,Default,£46.02,star-rating Three
Wuthering Heights,Classics,£17.73,star-rating Three
Zero History (Blue Ant #3),Default,£34.77,star-rating One
'Salem's Lot,Horror,£49.56,star-rating Four
"A History of God: The 4,000-Year Quest of Judaism, Christianity, and Islam",Religion,£27.62,star-rating One
A Walk to Remember,Romance,£56.43,star-rating One
A New Earth: Awakening to Your Life's Purpose,Spirituality,£55.65,star-rating Five
Animal Farm,Classics,£57.22,star-rating Three
Atlas Shrugged,Fiction,£26.58,star-rating Five
Can You Keep a Secret?,Womens Fiction,£21.94,star-rating One
Candide,Classics,£58.63,star-rating Three
Changing the Game (Play by Play #2),Romance,£13.38,star-rating Three
Confessions of a Shopaholic (Shopaholic #1),Default,£48.94,star-rating Two
Far From True (Promise Falls Trilogy #2),Thriller,£34.93,star-rating Two
"Orchestra of Exiles: The Story of Bronislaw Huberman, the Israel Philharmonic, and the One Thousand Jews He Saved from Nazi Horrors",Music,£12.36,star-rating Three
Dark Lover (Black Dagger Brotherhood #1),Romance,£12.87,star-rating One
Outlander (Outlander #1),Default,£19.67,star-rating Five
Paper and Fire (The Great Library #2),Fantasy,£49.45,star-rating Five
Shopaholic Ties the Knot (Shopaholic #3),Womens Fiction,£48.39,star-rating Five
The Smitten Kitchen Cookbook,Food and Drink,£23.59,star-rating One
The Tipping Point: How Little Things Can Make a Big Difference,Add a comment,£10.02,star-rating Two
The Stand,Horror,£57.86,star-rating Two
The Thing About Jellyfish,Childrens,£48.77,star-rating One
The Travelers,Thriller,£15.77,star-rating One
The Undomestic Goddess,Womens Fiction,£45.75,star-rating Four
"The Wicked + The Divine, Vol. 3: Commercial Suicide (The Wicked + The Divine)",Sequential Art,£14.41,star-rating Three
The Wild Robot,Childrens,£56.07,star-rating Three
Three-Martini Lunch,Fiction,£23.21,star-rating Three
"Thinking, Fast and Slow",Psychology,£21.14,star-rating One
"Trespassing Across America: One Man's Epic, Never-Done-Before (and Sort of Illegal) Hike Across the Heartland",Nonfiction,£53.51,star-rating One
Twenties Girl,Womens Fiction,£42.80,star-rating Two
Twilight (Twilight #1),Default,£41.93,star-rating Two
Two Boys Kissing,Young Adult,£32.74,star-rating Two
Under the Banner of Heaven: A Story of Violent Faith,Nonfiction,£30.00,star-rating One
"Unstuffed: Decluttering Your Home, Mind, and Soul",Nonfiction,£58.09,star-rating One
Vegan Vegetarian Omnivore: Dinner for Everyone at the Table,Food and Drink,£13.66,star-rating Two
Very Good Lives: The Fringe Benefits of Failure and the Importance of Imagination,Nonfiction,£50.66,star-rating Three
Voyager (Outlander #3),Historical Fiction,£21.07,star-rating Five
Walk the Edge (Thunder Road #2),Young Adult,£32.36,star-rating Three
The Lonely Ones,Childrens,£43.59,star-rating Five
The Lover's Dictionary,Default,£58.09,star-rating Two
The Maze Runner (The Maze Runner #1),Default,£20.93,star-rating One
The Nanny Diaries (Nanny #1),Womens Fiction,£52.53,star-rating Five
The Name of God is Mercy,Nonfiction,£37.25,star-rating Two
The New Guy (and Other Senior Year Distractions),Young Adult,£44.92,star-rating Three
The Nightingale,Fiction,£26.26,star-rating Four
The Obsession,Romance,£45.43,star-rating One
The Paris Wife,Default,£36.80,star-rating Three
The Picture of Dorian Gray,Classics,£29.70,star-rating Two
The Purest Hook (Second Circle Tattoos #3),Romance,£12.25,star-rating One
The Purpose Driven Life: What on Earth Am I Here for?,Add a comment,£37.19,star-rating Three
The Red Tent,Historical Fiction,£35.66,star-rating Five
The Rest Is Noise: Listening to the Twentieth Century,Add a comment,£34.77,star-rating One
The Restaurant at the End of the Universe (Hitchhiker's Guide to the Galaxy #2),Science Fiction,£10.92,star-rating One
The Rise of Theodore Roosevelt (Theodore Roosevelt #1),Biography,£42.57,star-rating Three
The Road to Little Dribbling: Adventures of an American in Britain (Notes From a Small Island #2),Travel,£23.21,star-rating One
The Rose & the Dagger (The Wrath and the Dawn #2),Fantasy,£58.64,star-rating Four
"The Sandman, Vol. 3: Dream Country (The Sandman (volumes) #3)",Sequential Art,£55.55,star-rating Five
The Silkworm (Cormoran Strike #2),Mystery,£23.05,star-rating Five
The Day the Crayons Came Home (Crayons),Childrens,£26.33,star-rating Five
The Demon-Haunted World: Science as a Candle in the Dark,Default,£52.25,star-rating Four
The Devil Wears Prada (The Devil Wears Prada #1),Womens Fiction,£44.29,star-rating One
"The Disappearing Spoon: And Other True Tales of Madness, Love, and the History of the World from the Periodic Table of the Elements",Science,£57.35,star-rating Five
"The Elegant Universe: Superstrings, Hidden Dimensions, and the Quest for the Ultimate Theory",Science,£13.03,star-rating Four
"The End of Faith: Religion, Terror, and the Future of Reason",Add a comment,£22.13,star-rating Four
The Exiled,Mystery,£43.45,star-rating Three
The Girl Who Kicked the Hornet's Nest (Millennium Trilogy #3),Add a comment,£57.48,star-rating One
The Girl Who Played with Fire (Millennium Trilogy #2),Default,£22.14,star-rating Two
The Girl with All the Gifts,Horror,£49.47,star-rating Three
The Giver (The Giver Quartet #1),Default,£12.30,star-rating One
The Goldfinch,Default,£43.58,star-rating Three
The Guernsey Literary and Potato Peel Pie Society,Historical Fiction,£49.53,star-rating One
The Guns of August,History,£14.54,star-rating Two
The Hitchhiker's Guide to the Galaxy (Hitchhiker's Guide to the Galaxy #1),Add a comment,£47.80,star-rating Three
The Husband's Secret,Fiction,£52.51,star-rating Five
The Infinities,Fiction,£27.41,star-rating One
Shopaholic & Baby (Shopaholic #5),Default,£46.45,star-rating Two
Soldier (Talon #3),Fantasy,£24.72,star-rating Two
Something Blue (Darcy & Rachel #2),Womens Fiction,£54.62,star-rating One
Something Borrowed (Darcy & Rachel #1),Womens Fiction,£48.96,star-rating Five
Spilled Milk: Based on a True Story,Nonfiction,£49.51,star-rating One
Stiff: The Curious Lives of Human Cadavers,Nonfiction,£36.74,star-rating Three
"Surely You're Joking, Mr. Feynman!: Adventures of a Curious Character",Science,£25.83,star-rating Two
The Art of Fielding,Fiction,£22.10,star-rating One
"The Art of Simple Food: Notes, Lessons, and Recipes from a Delicious Revolution",Food and Drink,£34.32,star-rating Three
The Autobiography of Malcolm X,Default,£23.43,star-rating Two
The Blind Side: Evolution of a Game,Add a comment,£53.71,star-rating Five
The Book of Basketball: The NBA According to The Sports Guy,Sports and Games,£44.84,star-rating Five
The Book Thief,Default,£53.49,star-rating Two
The Case for Christ (Cases for Christianity),Add a comment,£47.84,star-rating One
The Cat in the Hat (Beginner Books B-1),Childrens,£16.26,star-rating Two
The Catcher in the Rye,Add a comment,£24.55,star-rating One
The Complete Poems,Add a comment,£41.32,star-rating Five
The Complete Stories and Poems (The Works of Edgar Allan Poe [Cameo Edition]),Classics,£26.78,star-rating Four
The Cuckoo's Calling (Cormoran Strike #1),Mystery,£19.21,star-rating One
The Da Vinci Code (Robert Langdon #2),Fiction,£22.96,star-rating Two
"The Land of 10,000 Madonnas",Young Adult,£29.64,star-rating Four
The Last Painting of Sara de Vos,Historical Fiction,£55.55,star-rating Two
The Lean Startup: How Today's Entrepreneurs Use Continuous Innovation to Create Radically Successful Businesses,Business,£33.92,star-rating Three
One for the Money (Stephanie Plum #1),Default,£32.87,star-rating Two
Orange Is the New Black,Default,£24.61,star-rating Two
Original Fake,Sequential Art,£31.45,star-rating Three
Outliers: The Story of Success,Nonfiction,£14.16,star-rating One
Packing for Mars: The Curious Science of Life in the Void,Default,£56.68,star-rating Two
Persepolis: The Story of a Childhood (Persepolis #1-2),Sequential Art,£39.13,star-rating One
Prodigy: The Graphic Novel (Legend: The Graphic Novel #2),Sequential Art,£43.63,star-rating Three
Quiet: The Power of Introverts in a World That Can't Stop Talking,Default,£43.55,star-rating One
Ready Player One,Science Fiction,£19.07,star-rating Four
Reservations for Two,Romance,£11.10,star-rating Three
Red: The True Story of Red Riding Hood,Childrens,£28.54,star-rating Three
Rework,Business,£44.88,star-rating Two
"Rise of the Rocket Girls: The Women Who Propelled Us, from Missiles to the Moon to Mars",Nonfiction,£41.67,star-rating Four
Rogue Lawyer (Rogue Lawyer #1),Add a comment,£50.11,star-rating Three
Running with Scissors,Autobiography,£12.91,star-rating Four
"Saga, Volume 3 (Saga (Collected Editions) #3)",Sequential Art,£21.57,star-rating Five
Sarah's Key,Add a comment,£46.29,star-rating One
Seven Brief Lessons on Physics,Science,£30.60,star-rating Four
Scarlet (The Lunar Chronicles #2),Young Adult,£14.57,star-rating Four
Seven Days in the Art World,Add a comment,£52.33,star-rating Two
Lady Renegades (Rebel Belle #3),Young Adult,£53.04,star-rating Five
"Lamb: The Gospel According to Biff, Christ's Childhood Pal",Humor,£55.50,star-rating Five
"Lean In: Women, Work, and the Will to Lead",Default,£25.02,star-rating One
Legend (Legend #1),Young Adult,£43.69,star-rating Four
Letter to a Christian Nation,Nonfiction,£22.20,star-rating One
Let's Pretend This Never Happened: A Mostly True Memoir,Nonfiction,£45.11,star-rating One
Life After Life,Default,£26.13,star-rating Two
Life Without a Recipe,Autobiography,£59.04,star-rating Five
"Life, the Universe and Everything (Hitchhiker's Guide to the Galaxy #3)",Science Fiction,£33.26,star-rating Two
Lila (Gilead #3),Fiction,£12.47,star-rating Three
Lust & Wonder,Autobiography,£11.87,star-rating Two
Manuscript Found in Accra,Add a comment,£34.98,star-rating Two
Me Talk Pretty One Day,Autobiography,£57.60,star-rating Two
Midnight Riot (Peter Grant/ Rivers of London - books #1),Fantasy,£55.46,star-rating Two
"Miracles from Heaven: A Little Girl, Her Journey to Heaven, and Her Amazing Story of Healing",Nonfiction,£57.83,star-rating One
Morning Star (Red Rising #3),Default,£29.40,star-rating One
Naked,Humor,£31.69,star-rating Three
Neither Here nor There: Travels in Europe,Travel,£38.95,star-rating Three
Golden (Heart of Dread #3),Young Adult,£42.21,star-rating Four
Gone Girl,Default,£37.60,star-rating Five
Gratitude,Nonfiction,£26.66,star-rating Five
"Grayson, Vol 3: Nemesis (Grayson #3)",Sequential Art,£42.72,star-rating One
Green Eggs and Ham (Beginner Books B-16),Childrens,£10.79,star-rating Four
Holidays on Ice,Humor,£51.07,star-rating Two
Heir to the Sky,Fantasy,£44.07,star-rating Four
Horrible Bear!,Childrens,£37.52,star-rating Two
House of Leaves,Horror,£54.89,star-rating One
"House of Lost Worlds: Dinosaurs, Dynasties, and the Story of Life on Earth",History,£43.70,star-rating Two
Hungry Girl Clean & Hungry: Easy All-Natural Recipes for Healthy Eating in the Real World,Food and Drink,£33.14,star-rating Three
I Am Malala: The Girl Who Stood Up for Education and Was Shot by the Taliban,Nonfiction,£28.88,star-rating Two
I've Got Your Number,Womens Fiction,£19.69,star-rating One
If I Run (If I Run #1),Christian Fiction,£49.97,star-rating Four
"In the Garden of Beasts: Love, Terror, and an American Family in Hitler's Berlin",Nonfiction,£28.85,star-rating Three
Inferno (Robert Langdon #4),Fiction,£41.00,star-rating Five
Into the Wild,Nonfiction,£56.70,star-rating Five
Cosmos,Add a comment,£36.17,star-rating Two
Counting Thyme,Childrens,£10.62,star-rating One
Crazy Rich Asians (Crazy Rich Asians #1),Fiction,£49.13,star-rating Five
Dark Places,Default,£23.90,star-rating Five
Darkfever (Fever #1),Fantasy,£56.02,star-rating One
"David and Goliath: Underdogs, Misfits, and the Art of Battling Giants",Default,£17.81,star-rating One
Dead Wake: The Last Crossing of the Lusitania,Default,£39.24,star-rating Five
Disrupted: My Misadventure in the Start-Up Bubble,Nonfiction,£15.28,star-rating Five
Do Androids Dream of Electric Sheep? (Blade Runner #1),Science Fiction,£51.48,star-rating One
Dracula,Default,£52.62,star-rating Three
Dune (Dune #1),Science Fiction,£54.86,star-rating One
Eclipse (Twilight #3),Default,£18.74,star-rating One
Eragon (The Inheritance Cycle #1),Fantasy,£43.87,star-rating Three
Extreme Prey (Lucas Davenport #26),Mystery,£25.40,star-rating Three
Fellside,Default,£38.62,star-rating One
Fifty Shades Freed (Fifty Shades #3),Adult Fiction,£15.36,star-rating Five
Fire Bound (Sea Haven/Sisters of the Heart #5),Add a comment,£21.28,star-rating Four
"Friday Night Lights: A Town, a Team, and a Dream",Sports and Games,£51.22,star-rating Three
"Fruits Basket, Vol. 3 (Fruits Basket #3)",Sequential Art,£45.17,star-rating Two
Are We Smart Enough to Know How Smart Animals Are?,Nonfiction,£56.58,star-rating One
Are We There Yet?,Childrens,£10.66,star-rating Three
Ash,Fantasy,£22.06,star-rating Four
Awkward,Sequential Art,£38.02,star-rating Two
Beautiful Creatures (Caster Chronicles #1),Default,£21.55,star-rating Five
Beowulf,Classics,£38.35,star-rating Two
Best of My Love (Fool's Gold #20),Romance,£27.41,star-rating Two
Between Shades of Gray,Historical Fiction,£20.79,star-rating Five
Big Little Lies,Fiction,£22.11,star-rating One
"Black Butler, Vol. 1 (Black Butler #1)",Sequential Art,£49.31,star-rating One
Black Flags: The Rise of ISIS,Nonfiction,£40.87,star-rating One
Blink: The Power of Thinking Without Thinking,Nonfiction,£21.74,star-rating Five
"Born to Run: A Hidden Tribe, Superathletes, and the Greatest Race the World Has Never Seen",Nonfiction,£27.35,star-rating Two
Boy Meets Boy,Young Adult,£21.12,star-rating Three
Brave Enough,Nonfiction,£51.32,star-rating Five
Breaking Dawn (Twilight #4),Default,£35.28,star-rating Five
Career of Evil (Cormoran Strike #3),Mystery,£24.72,star-rating Two
Catastrophic Happiness: Finding Joy in Childhood's Messy Years,Parenting,£37.35,star-rating Two
Cinder (The Lunar Chronicles #1),Young Adult,£26.09,star-rating One
Civilization and Its Discontents,Psychology,£59.95,star-rating Two
Girl in the Blue Coat,Historical Fiction,£46.83,star-rating Two
Is Everyone Hanging Out Without Me? (And Other Concerns),Default,£20.11,star-rating Three
It's Never Too Late to Begin Again: Discovering Creativity and Meaning at Midlife and Beyond,Nonfiction,£42.38,star-rating One
Jurassic Park (Jurassic Park #1),Fiction,£44.97,star-rating One
Night (The Night Trilogy #1),Nonfiction,£13.51,star-rating One
Girl Online On Tour (Girl Online #2),Young Adult,£53.47,star-rating One
H is for Hawk,Nonfiction,£57.42,star-rating Five
Kindle Paperwhite User's Guide,Nonfiction,£34.00,star-rating Three
Life,Music,£31.58,star-rating Five
New Moon (Twilight #2),Young Adult,£12.86,star-rating Four
"Run, Spot, Run: The Ethics of Keeping Pets",Philosophy,£20.02,star-rating One
"Saga, Volume 2 (Saga (Collected Editions) #2)",Sequential Art,£11.75,star-rating Three
Sugar Rush (Offensive Line #2),Sports and Games,£24.42,star-rating One
The Course of Love,Fiction,£16.78,star-rating Three
"The Sandman, Vol. 2: The Doll's House (The Sandman (volumes) #2)",Sequential Art,£54.81,star-rating One
The Sense of an Ending,Add a comment,£31.38,star-rating Three
"The Suffragettes (Little Black Classics, #96)",Nonfiction,£11.89,star-rating Two
#GIRLBOSS,Add a comment,£50.96,star-rating One
8 Keys to Mental Health Through Exercise,Psychology,£31.04,star-rating One
A Heartbreaking Work of Staggering Genius,Autobiography,£54.29,star-rating Five
A Storm of Swords (A Song of Ice and Fire #3),Fantasy,£31.22,star-rating Two
A Visit from the Goon Squad,Default,£14.08,star-rating Five
A Walk in the Woods: Rediscovering America on the Appalachian Trail,Nonfiction,£30.48,star-rating Four
And Then There Were None,Classics,£35.01,star-rating Two
Annie on My Mind,Young Adult,£36.83,star-rating Five
Notes from a Small Island (Notes From a Small Island #1),Nonfiction,£40.17,star-rating One
The Selfish Gene,Science,£29.45,star-rating One
The Silent Twin (Detective Jennifer Knight #3),Fantasy,£36.25,star-rating Three
The Silent Wife,Fiction,£12.34,star-rating Five
The Story of Hong Gildong,Classics,£43.19,star-rating Four
The Tumor,Nonfiction,£41.56,star-rating Five
"The Wicked + The Divine, Vol. 1: The Faust Act (The Wicked + The Divine)",Sequential Art,£36.52,star-rating Two
The Zombie Room,Default,£19.69,star-rating Five
This One Moment (Pushing Limits #1),Romance,£48.71,star-rating One
Three Wishes (River of Time: California #1),Science Fiction,£44.18,star-rating Two
Travels with Charley: In Search of America,Nonfiction,£57.82,star-rating Five
Twenty Love Poems and a Song of Despair,Poetry,£30.95,star-rating Four
Vampire Girl (Vampire Girl #1),Fantasy,£53.82,star-rating Two
"Vampire Knight, Vol. 1 (Vampire Knight #1)",Paranormal,£15.40,star-rating One
Ways of Seeing,Art,£39.51,star-rating Five
When I'm Gone,Fiction,£51.96,star-rating Three
Where Lightning Strikes (Bleeding Stars #3),Romance,£39.77,star-rating Three
The Communist Manifesto,Add a comment,£14.76,star-rating Three
The Complete Maus (Maus #1-2),Sequential Art,£10.64,star-rating Three
The Edge of Reason (Bridget Jones #2),Womens Fiction,£19.18,star-rating Four
The End of the Jesus Era (An Investigation #1),Nonfiction,£14.40,star-rating One
The Girl In The Ice (DCI Erika Foster #1),Mystery,£15.85,star-rating Three
The Girl You Lost,Mystery,£12.29,star-rating Five
The Haters,Young Adult,£27.89,star-rating Five
The Hook Up (Game On #1),New Adult,£36.29,star-rating Five
The Iliad,Add a comment,£16.16,star-rating One
The Last Girl (The Dominion Trilogy #1),Science Fiction,£36.26,star-rating Two
The Light of the Fireflies,Add a comment,£54.43,star-rating One
The Little Prince,Classics,£45.42,star-rating Two
The Mirror & the Maze (The Wrath and the Dawn #1.5),Fantasy,£29.38,star-rating One
The Name of the Wind (The Kingkiller Chronicle #1),Default,£50.59,star-rating Three
The Nicomachean Ethics,Philosophy,£36.34,star-rating One
The No. 1 Ladies' Detective Agency (No. 1 Ladies' Detective Agency #1),Mystery,£57.70,star-rating Four
The Odyssey,Add a comment,£29.64,star-rating Three
The Republic,Add a comment,£33.78,star-rating Three
"The Sandman, Vol. 1: Preludes and Nocturnes (The Sandman (volumes) #1)",Sequential Art,£54.12,star-rating Three
The Secret Healer,Historical Fiction,£34.56,star-rating Three
While You Were Mine,Historical Fiction,£41.32,star-rating Five
"Y: The Last Man, Vol. 1: Unmanned (Y: The Last Man #1)",Sequential Art,£18.51,star-rating Four
Diary of a Minecraft Zombie Book 1: A Scare of a Dare (An Unofficial Minecraft Book),Childrens,£52.88,star-rating Four
"Fruits Basket, Vol. 2 (Fruits Basket #2)",Sequential Art,£11.64,star-rating Five
One Second (Seven #7),Fantasy,£52.94,star-rating Two
"Ouran High School Host Club, Vol. 1 (Ouran High School Host Club #1)",Sequential Art,£29.87,star-rating Three
Origins (Alphas 0.5),Fantasy,£28.99,star-rating One
"Paper Girls, Vol. 1 (Paper Girls #1-5)",Sequential Art,£21.71,star-rating Four
Paradise Lost (Paradise #1),Default,£24.96,star-rating One
"Rat Queens, Vol. 1: Sass & Sorcery (Rat Queens (Collected Editions) #1-5)",Sequential Art,£46.96,star-rating Five
"Rhythm, Chord & Malykhin",Romance,£28.34,star-rating Two
"Saga, Volume 1 (Saga (Collected Editions) #1)",Sequential Art,£28.48,star-rating One
Settling the Score (The Summer Games #1),Sports and Games,£44.91,star-rating Two
Shadow Rites (Jane Yellowrock #10),Fantasy,£21.72,star-rating Four
Sense and Sensibility,Classics,£37.46,star-rating One
Shameless,New Adult,£58.35,star-rating Three
Shatter Me (Shatter Me #1),Default,£42.40,star-rating One
Sister Sable (The Mad Queen #1),Fantasy,£13.33,star-rating Three
Taking Shots (Assassins #1),Default,£18.88,star-rating Two
Starlark,Historical Fiction,£25.83,star-rating Three
"Skip Beat!, Vol. 01 (Skip Beat! #1)",Sequential Art,£42.12,star-rating Three
The Art of Not Breathing,Young Adult,£40.83,star-rating Four
The Bette Davis Club,Fiction,£30.66,star-rating Three
The Bhagavad Gita,Religion,£57.49,star-rating Three
"Fruits Basket, Vol. 1 (Fruits Basket #1)",Sequential Art,£40.28,star-rating Five
"Giant Days, Vol. 1 (Giant Days #1-4)",Sequential Art,£56.76,star-rating Four
Jane Eyre,Default,£38.43,star-rating Five
Having the Barbarian's Baby (Ice Planet Barbarians #7.5),Science Fiction,£34.96,star-rating Four
"Hawkeye, Vol. 1: My Life as a Weapon (Hawkeye #1)",Sequential Art,£45.24,star-rating Three
Icing (Aces Hockey #2),Sports and Games,£40.44,star-rating Four
Imperfect Harmony,Romance,£34.74,star-rating Four
Kitchens of the Great Midwest,Fiction,£57.20,star-rating Five
Listen to Me (Fusion #1),Romance,£58.99,star-rating Three
Lost Among the Living,Historical Fiction,£27.70,star-rating Four
Lord of the Flies,Add a comment,£24.89,star-rating Three
Matilda,Childrens,£28.34,star-rating One
Meditations,Philosophy,£25.89,star-rating Two
"Ms. Marvel, Vol. 1: No Normal (Ms. Marvel (2014-2015) #1)",Sequential Art,£39.39,star-rating Four
My Perfect Mistake (Over the Top #1),Romance,£38.92,star-rating Two
Myriad (Prentor #1),Fantasy,£58.75,star-rating Four
"1,000 Places to See Before You Die",Travel,£26.08,star-rating Five
1st to Die (Women's Murder Club #1),Mystery,£53.98,star-rating One
A Spy's Devotion (The Regency Spies of London #1),Historical Fiction,£16.97,star-rating Five
"Ajin: Demi-Human, Volume 1 (Ajin: Demi-Human #1)",Sequential Art,£57.06,star-rating Four
"Bleach, Vol. 1: Strawberry and the Soul Reapers (Bleach #1)",Sequential Art,£34.65,star-rating Five
Alice in Wonderland (Alice's Adventures in Wonderland #1),Classics,£55.53,star-rating One
Beyond Good and Evil,Philosophy,£43.38,star-rating One
Blood Defense (Samantha Brinkman #1),Mystery,£20.30,star-rating Three
Bounty (Colorado Mountain #7),Romance,£37.26,star-rating Four
Bright Lines,Fiction,£39.07,star-rating Five
Bridget Jones's Diary (Bridget Jones #1),Womens Fiction,£29.82,star-rating One
"Eat, Pray, Love",Nonfiction,£51.32,star-rating Three
Charity's Cross (Charles Towne Belles #4),Romance,£41.24,star-rating One
Choosing Our Religion: The Spiritual Lives of America's Nones,Religion,£28.42,star-rating Four
Charlie and the Chocolate Factory (Charlie Bucket #1),Childrens,£22.85,star-rating Three
Deep Under (Walker Security #1),Romance,£47.09,star-rating Five
Emma,Classics,£32.93,star-rating Two
Fighting Fate (Fighting #6),Romance,£39.24,star-rating Three
Forever Rockers (The Rocker #12),Music,£28.80,star-rating Three
Frankenstein,Default,£38.00,star-rating Two
Off Sides (Off #1),New Adult,£39.45,star-rating Five
On the Road (Duluoz Legend),Default,£32.36,star-rating Three
Of Mice and Men,Classics,£47.11,star-rating Two
Old Records Never Die: One Man's Quest for His Vinyl and His Past,Music,£55.66,star-rating Two
